title,isbn,published_year,author
Nora's Will (Cinco días sin Nora),657491690-9,2007,96
Knightriders,521957741-7,1988,27
"Flower of My Secret, The (La flor de mi secreto)",053960231-0,2010,75
Reds,653403272-4,1987,24
Mr. Warmth: The Don Rickles Project,639887982-1,1993,20
Mr. & Mrs. Smith,333035928-5,2012,70
Choices,086539546-2,2011,8
Lovecraft: Fear of the Unknown,347567119-0,1984,79
Get Over It,818365632-3,1995,13
Zatoichi and the Chess Expert (Zatôichi Jigoku tabi) (Zatôichi 12),014800792-9,2009,20
Heaven,155469236-9,1995,34
Boy Interrupted,139726006-8,2006,86
"Classic, The (Klassikko)",179724555-4,2011,82
I Spit on Your Grave (Day of the Woman),554468920-2,1992,74
Comrades,715276875-7,2007,50
"Big Red One, The",558785092-7,2010,3
"Leopard, The (Gattopardo, Il)",651391826-X,2010,66
After the Rehearsal (Efter repetitionen),501208725-9,2000,49
Rancho Deluxe,111067757-X,2002,51
Frozen Fever,477177034-4,2010,31
Road to Perdition,312103819-2,1999,30
"Dawn Patrol, The",272981211-3,2009,63
Galaxy Quest,305928971-9,1994,20
Modern Problems,300681889-X,2009,76
Eat Pray Love,637293478-7,2009,25
"Hanging Tree, The",828229839-5,2013,35
"Ides of March, The",914019951-7,2006,48
Grindhouse,944451195-2,1986,30
"White Ribbon, The (Das weiße Band)",301904497-9,1996,73
"River, The",898004651-0,2008,63
"Straits of Love and Hate, The (Aien kyo)",911707859-8,1999,62
"Texas Chainsaw Massacre, The",062759240-6,1995,20
Pippi on the Run (På rymmen med Pippi Långstrump),657474598-5,1996,86
The Happy Road,106422290-0,1987,53
Sing Your Song,582792323-0,2008,28
Wolf Creek 2,433459998-2,2012,65
Let it Come Down: The Life of Paul Bowles,923639137-0,2011,89
Yesterday,734971623-0,1998,89
All Is Forgiven (Tout est pardonné),126506310-9,2003,88
"Hand of Peace: Pope Pius XII and the Holocaust, A",042424191-9,1985,47
Face to Face (Ansikte mot ansikte),481803775-3,1990,98
Summer of '62 (Cartouches gauloises),348486717-5,2011,14
Marci X,220145803-0,1990,79
"Intruder, The",625641790-9,2006,80
"Sterile Cuckoo, The",789132074-8,2008,20
"Man Next Door, The (El hombre de al lado)",467810964-1,2001,15
Winterhawk,606506964-7,2006,41
"Tetsuo, the Ironman (Tetsuo)",073307526-6,1984,16
"Widow of St. Pierre, The (Veuve de Saint-Pierre, La)",695562462-8,1995,89
"Return of Swamp Thing, The",424544504-1,2006,43
Meet Joe Black,136490490-X,1998,83
Time Stood Still (Il tempo si è fermato),805932073-4,2007,9
If I Were King,165557345-4,1992,9
Standing in the Shadows of Motown,758473643-2,1998,58
Air Hawks,241101951-3,1995,2
"War Wagon, The",998720169-5,1990,59
Outside the Law,737608966-7,2011,16
Highlander III: The Sorcerer (a.k.a. Highlander: The Final Dimension),992707696-7,2000,3
Oppressed Majority,458196134-3,1997,76
That Guy... Who Was in That Thing,193758881-5,2012,48
Sphere,841685419-X,1995,39
"Organizer, The (I compagni)",544586230-5,2004,28
Uprise,659774756-9,1992,93
Gabrielle,625598076-6,1992,19
Going Clear: Scientology and the Prison of Belief,034829950-8,1986,71
Sybil,522516253-3,1969,2
Battleship,341280408-8,1998,79
Some Kind of Wonderful,535514459-4,2002,26
Cigarettes and Coffee (Un cartus de kent si un pachet de cafea),575245630-4,1998,94
This Filthy World,532855968-1,1992,64
Uptown Girls,997858218-5,2002,16
Milarepa,397751825-9,2007,12
Yankee Doodle Dandy,723060795-7,2001,93
"Cutting Edge: Going for the Gold, The",893362125-3,1985,93
"Paris, Texas",656600272-3,1986,44
"Rainmaker, The",569022230-5,1998,69
Knuckleball!,571891034-0,2006,89
Lush Life,062024675-8,2011,41
Life Is Hot in Cracktown,397294397-0,2004,30
Double Indemnity,303113075-8,1990,98
Marianne & Juliane (Die Bleierne Zeit),154289124-8,1990,91
Fat City,215058568-5,2006,8
Knuckle ,704013972-3,2001,29
"Kentuckian, The",604803262-5,2007,14
Don't Tell Mom the Babysitter's Dead,487633875-2,2006,28
"Fugitive, The",355151557-3,1994,10
Rat,705039431-9,1990,81
Fatty and Mabel Adrift,918855502-X,2011,83
"Green Ray, The (Rayon vert, Le)",341239814-4,1997,73
Welcome to Australia,294954265-4,2001,78
Calvary,251291522-0,2009,56
Days Of Darkness,349766869-9,1986,51
Jack,423869929-7,1993,63
DOA: Dead or Alive,718048765-1,1988,84
Let It Be,402482482-1,1996,41
From the Terrace,267560900-5,2000,5
Standing Up,838135400-5,1990,25
"Sommer der Gaukler, Der",265764045-1,2003,12
Wolf,501962268-0,1994,4
"H-Man, The (Bijo to Ekitainingen)",767378916-7,2002,92
"Koko, a Talking Gorilla",706728488-0,2009,39
"Way We Were, The",038254176-6,1997,64
Independents,398681263-6,2006,41
Operation 'Y' & Other Shurik's Adventures,797245738-7,2007,10
Wild Women,993248784-8,1997,63
Side Street,720094227-8,2004,47
"Courtship of Eddie's Father, The",882966666-1,1999,71
Caesar Must Die (Cesare deve morire),690241420-3,1963,9
"Finances of the Grand Duke, The (Die Finanzen des Großherzogs)",544814600-7,1966,41
Black Water,996508101-8,2005,67
Fierce Creatures,424088609-0,2007,69
"Hot Rock, The",286097067-3,2004,66
Old Man Drinking a Glass of Beer,002818045-3,2002,82
Patton Oswalt: No Reason to Complain,869706494-5,1997,17
"Stepford Wives, The",400622873-2,2006,10
"Unforgettable Summer, An (Un été inoubliable)",828813854-3,2010,65
Take Me Out to the Ball Game,377422319-X,2009,100
"Wog Boy, The",158539729-6,1997,55
Walk All Over Me,170009751-2,1990,90
"Animal, The",320204666-7,2006,33
Tales from the Crypt,814193653-0,1992,3
Experiment Perilous,847490069-7,2004,12
"Juche Idea, The",500482256-5,2012,89
"Brony Tale, A",779649124-7,2004,91
Gorgeous (Boh lee chun),937902870-9,2000,49
Steal This Film II,886537214-1,2004,27
Punk's Not Dead,669355846-1,1993,42
Redemption: The Stan Tookie Williams Story,460115274-7,2000,45
Reminiscences of a Journey to Lithuania,174827738-3,1999,35
Looking for Comedy in the Muslim World,640276101-X,1996,90
"Girl, The",791363275-5,2005,25
"Getaway, The",764316062-7,2006,25
"Christmas Carol, A",730604128-2,1996,72
Penitentiary II,293573779-2,1999,16
Mercy ,171004892-1,2007,86
"Flaw, The",699296560-3,1986,3
Miss Granny,954615300-1,1994,83
Sharknado 2: The Second One,861537481-3,2003,84
Mad City,273573932-5,2001,83
Odd Couple (Bo ming chan dao duo ming qiang) (Eternal Conflict),204386733-4,2006,29
"Childhood of Maxim Gorky, The (Detstvo Gorkogo)",751111451-2,2006,92
Abbott and Costello Meet the Mummy,950715829-4,1992,89
My Chauffeur,033413174-X,1992,73
Always Leave Them Laughing,289772533-8,1986,95
"Bachelor Weekend, The",385726391-1,2012,7
Terry Fator: Live from Las Vegas,745659273-X,1991,38
Pink Flamingos,836297090-1,2002,49
Spud,455366733-9,1988,15
"Tempest, The",800087695-7,2009,64
Gloria,321952502-4,1992,77
Somersault,269644288-6,1985,90
Sitting Bull,700069381-9,1995,7
Our Nixon,345352563-9,1992,20
"Land, The (Al-ard)",579865194-0,2004,63
"Life Less Ordinary, A",723521655-7,2002,100
Someone Like You (Unnaipol Oruvan),824205690-0,2009,58
Design for Scandal,669114595-X,2010,70
Bullet in the Head,494991021-3,2010,32
Radio,025313523-0,1990,90
Garden State,715548410-5,2012,81
Now or Never,874598974-5,2012,95
Bananas,541652816-8,2011,33
Town Without Pity,073706625-3,2003,100
Godzilla vs. Megaguirus (Gojira tai Megagirasu: Jî shômetsu sakusen),116348470-9,1999,74
My Little Pony: Equestria Girls,236910684-0,1997,96
2:37,216290856-5,2010,34
"Flight of the Phoenix, The",189733567-9,2007,8
Safe House,999935705-9,1986,72
"Lovely, Still",896622499-7,2005,74
East of Eden,740593350-5,2000,11
"Killers, The",930151491-5,1990,74
Wolf Children (Okami kodomo no ame to yuki),539530440-1,2013,6
Armageddon 2012,848695980-2,1985,48
"Macbeth (a.k.a. Tragedy of Macbeth, The)",775549247-8,2009,35
Digimon: The Movie,071318077-3,2001,44
Nowhere,601717338-3,1987,92
"Racket, The",668583661-X,1993,21
Keeping Up with the Steins,254556792-2,2007,68
Siberia,366659130-2,1978,57
Candyman,338443590-7,2004,44
Castle Freak,939346941-5,1985,76
Quicksand,815641807-7,2006,50
"Square, The",594641254-X,1990,52
Bullfighter and the Lady,387370077-8,1995,64
"Delta Force, The",227915771-3,2012,39
Lara Croft: Tomb Raider,452930545-7,2009,31
Prince of Foxes,248888255-0,1991,78
The Referee,593172373-0,1987,83
Fugitives (Fugitivas),514831737-X,2012,68
If Only,114474208-0,2009,26
Back Soon,371819304-3,1995,78
School Ties,784985401-2,1994,64
"Frank McKlusky, C.I.",296144443-8,1991,48
The Hunger Games: Mockingjay - Part 1,857319750-1,2012,26
Let the Bullets Fly,152051182-5,1992,36
Sugarbaby,683583271-1,1993,46
Anything Goes,503628572-7,2003,90
Forced Vengeance,539740442-X,2010,85
Tempest,417496349-5,1999,38
House Party: Tonight's the Night,486439989-1,1992,38
One 2 Ka 4,096427701-8,1989,13
"America, America",703442971-5,1994,61
Clay Pigeons,720804907-6,2004,64
Return of the Secaucus 7,620472824-5,2001,38
Raffles,028539128-3,1995,96
Diary of a Mad Housewife,943403032-3,1994,77
Love Ghost (Shibito no koiwazura),548714831-7,2008,75
Answer This!,209114266-2,2000,65
And Now My Love (Toute une vie),509007001-6,1992,60
Executive Action,904579245-1,1999,18
"Song for Martin, A (Sång för Martin, En)",602451348-8,2000,27
Practical Magic,183888751-2,2010,46
"Plague Dogs, The",895527773-3,2004,90
Compulsion,028099676-4,2007,36
Rocket Singh: Salesman of the Year,252626963-6,2002,68
"Girls Can't Swim (Filles ne savent pas nager, Les)",308881589-X,2012,61
So Young (Zhi wo men zhong jiang shi qu de qing chun),835637626-2,2012,95
Street Fighter: Assassin's Fist,556951294-2,2008,95
Kurt Cobain About a Son,887446078-3,2007,42
White Irish Drinkers,347851904-7,2008,93
Tesla: Master of Lightning,816957354-8,1986,47
"Bank Job, The",499659046-7,2010,95
Asterix in America (a.k.a Asterix Conquers America) (Astérix et les Indiens),075648818-4,1987,89
Paternity,389942027-6,1967,71
Benji,661578220-0,1993,9
The Adventures of Tom Thumb & Thumbelina,566007039-6,2011,65
Ladyhawke,562929289-7,2009,64
"Fat, Sick & Nearly Dead 2",080958818-8,1993,74
"Fox, The",600490827-4,1987,63
"The Hire: Follow, The",430240184-2,2005,78
Saw IV,349642122-3,1989,84
Looking for Cheyenne (Oublier Cheyenne),009189566-9,2004,74
Screamers,486753603-2,2010,26
Enemy,020594854-5,1984,70
"Norte, the End of History",374335812-3,2009,26
Before and After,290637111-4,1989,47
Othello,328679080-X,2010,60
In the Electric Mist,970868323-X,2008,85
Tremors II: Aftershocks,524554629-9,1992,40
Little Darlings,150360855-7,2013,26
Hard Rain,960824120-0,2010,44
Come Early Morning,542977413-8,2008,60
"Spring, Summer, Fall, Winter... and Spring (Bom yeoreum gaeul gyeoul geurigo bom)",821120356-1,2011,99
Chopper Chicks in Zombietown,182948280-7,1993,43
Tipping the Velvet,794830047-3,2007,5
True Romance,515560260-2,2012,78
Wedding Trough (Vase de noces),022527571-6,2000,59
"Small Town, The (a.k.a. The Town) (Kasaba)",928641611-3,2000,2
The Day I Saw Your Heart,862857318-6,1994,93
Murders in the Zoo,540209812-3,1994,71
"Pink Panther 2, The",878324875-7,1998,65
Buena Vista Social Club,967352395-9,2002,35
Munich,785961083-3,2004,73
Woman Is the Future of Man (Yeojaneun namjaui miraeda),127201310-3,2011,25
"Charter Trip, The (a.k.a. Package Tour, The) (Sällskapsresan)",884120175-4,1975,19
"Goebbels Experiment, The (Das Goebbels Experiment)",589848858-8,2006,78
Pennies from Heaven,012366310-5,2002,56
The Scapegoat,079347556-2,2005,21
"Last Days, The (Últimos días, Los)",395570083-6,1986,28
"Dark Hours, The",737599143-X,1994,31
"Magnetic Man, The (Magneettimies)",571558539-2,2010,13
Losers' Club (Kaybedenler kulübü),486029432-7,2001,69
Ring of Bright Water,972199955-5,2012,91
"Take, The",144544832-7,2003,90
Black Ice (Musta jää),645699424-1,2000,6
Making the Grade,980116819-6,2005,76
Jamie and Jessie Are Not Together,877643595-4,1991,28
"Christmas Carol, A",069615609-1,1967,15
"Shaggy D.A., The",074436420-5,1996,33
"Hunted, The",516019252-2,2006,90
Maid in Sweden,637199038-1,1984,1
Devil in the Flesh,757447737-X,2004,36
Hot Tub Time Machine,456522673-1,2004,4
Sam Peckinpah: Man of Iron,072391955-0,1997,70
"Riot Club, The",882959221-8,2011,17
Cast A Deadly Spell,499937783-7,1992,78
"Lake House, The",523930615-X,2003,1
Higher Ground,999478189-8,1996,93
Lured,685608077-8,2004,42
Last Resort (National Lampoon's Last Resort),313057390-9,1997,50
"Deep Blue Sea, The",134932678-X,2000,33
Screamtime,516893132-4,2005,92
Eragon,174517819-8,2012,16
Run of the Arrow,686388701-0,2010,75
Stand by Me Doraemon,068434432-7,1998,62
Signs,643754604-2,2012,47
Stars and Stripes Forever,525747218-X,2004,96
Ichi the Killer (Koroshiya 1),992974988-8,1997,3
Galaxy of Terror (Quest),723106451-5,2008,63
Razortooth,339342770-9,2011,54
"Misérables, Les",254982244-7,2005,57
Crisis: Behind a Presidential Commitment,131458866-4,2007,46
"Big Combo, The",961456401-6,2009,5
JFK: The Smoking Gun,176646023-2,1989,35
Detroit Metal City (Detoroito Metaru Shiti),659029342-2,2003,12
"Christmas Carol, A",848106369-X,2003,78
Another Year,595830693-6,1998,40
Morgan Stewart's Coming Home,056521230-3,2000,30
Bewitched (Alter Ego),557789856-0,2002,97
Sullivan's Travels,468519528-0,1995,89
"World of Kanako, The (Kawaki.)",977268001-7,1992,82
"Boys Are Back, The",817029696-X,1988,18
"People vs. Larry Flynt, The",085986704-8,1999,54
Alexander Nevsky (Aleksandr Nevskiy),467951149-4,2012,47
Company of Heroes,700831152-4,1957,50
Stockholm Stories,998227980-7,1995,66
Vizontele Tuuba,354109911-9,1996,20
"Search, The",529143258-6,2005,41
Alice Adams,949279937-5,2008,95
Tillie's Punctured Romance,994295202-0,2010,6
"Bullet for the General, A (Quién Sabe?)",514059231-2,1985,26
"Grandmaster, The (Yi dai zong shi)",142290184-X,2010,82
Little Big League,431882468-3,2005,67
Fire in Castilla (Tactilvision from the Moor of the Fright),621988438-8,1995,83
"Good Shepherd, The",106365545-5,1997,25
Herbie Goes to Monte Carlo,556697730-8,1999,29
"Study in Terror, A",428344429-4,1988,94
De Dana Dan,164920911-8,1994,18
"Manson Family, The",105983669-6,2004,83
Jesse Stone: Stone Cold,581895713-6,2009,29
Tron,746892210-1,1992,97
Paul Williams Still Alive,876531908-7,1998,84
Genocide,813654625-8,2007,88
I Always Wanted to Be a Gangster (J'ai toujours rêvé d'être un gangster),449874434-9,2004,76
Extraterrestrial (Extraterrestre),017133274-1,2005,29
Meatballs,976649564-5,1998,94
"Villain, The (Le Vilain)",063328939-6,2002,62
Stranger than Fiction,952576913-5,2011,8
The Ghost Story of Oiwa's Spirit,057391198-3,1990,35
Comrades: Almost a Love Story (Tian mi mi),987139487-X,2012,38
Deceived,808985227-0,1996,69
"Age of the Earth, The (A Idade da Terra)",054733276-9,2011,74
"Importance of Tying Your Own Shoes, The (Hur många lingon finns det i världen?)",905406668-7,1995,27
W.E.,445075758-0,2001,73
"Prodigal Son, The (Tuhlaajapoika)",205300949-7,1993,22
Monte Walsh,141923661-X,2005,15
"Glass Slipper, The",988746114-8,2010,75
"Best Man, The (Testimone dello sposo, Il)",723202050-3,2008,32
Léon: The Professional (a.k.a. The Professional) (Léon),039431955-9,2009,5
Ip Man: The Final Fight,264146895-6,2009,83
"Belles of St. Trinian's, The",291621796-7,2012,53
A Matador's Mistress,857791689-8,1994,24
American Soldiers,105728304-5,2002,96
Look Who's Talking Too,852176420-0,2004,96
Fatso,132115276-0,1995,35
Failan,878520848-5,2006,56
High School,525468937-4,2006,41
How to Train Your Dragon 2,063544910-2,1990,43
Hot Millions,325914506-0,2007,27
"Tender Hook, The (Boxer and the Bombshell, The)",011359818-1,2001,68
Ritual (Shiki-Jitsu),319525477-8,2000,96
Husbands and Wives,889472711-4,2009,61
Empire Falls,173561029-1,1993,96
"Misérables, Les",598535315-X,2000,78
Monty Python: Almost the Truth - Lawyers Cut,907730469-X,1994,2
Eye of the Beholder,650356988-2,1995,71
"Competition, The",084259371-3,2002,19
Monkey Business,738077418-2,2009,19
Yes Or No,092337334-9,1995,59
Bastards,116686121-X,1997,57
Flood,063072342-7,2007,78
Dogs,942023838-5,2000,91
7500,760085980-7,2006,18
"Wedding in Blood (Noces rouges, Les)",440841685-1,1999,28
I Belong (Som du ser meg),265250259-X,2007,93
Boogie Man: The Lee Atwater Story,877365225-3,2008,24
Yumurta (Egg),671122000-5,2006,84
Medium Cool,864314360-X,1997,84
Diary of a Country Priest (Journal d'un curé de campagne),273852495-8,2003,9
National Lampoon's Cattle Call (Cattle Call),580856804-8,2010,73
Dirt,772420377-6,1984,81
Lottery Ticket,688389202-8,2009,83
Fear X,831712155-0,2001,47
 Days of Summer,507014829-X,2011,2
Immortals,332112057-7,2010,48
Take Care of My Cat (Goyangileul butaghae),471742023-3,2004,7
"Unloved, The",622289925-0,1992,10
Tora-san's Love Call (Otoko wa tsurai yo: Torajiro koiuta),439330656-2,1997,72
Two-Lane Blacktop,148315272-3,2006,70
"Paramore Live, the Final Riot!",350650429-0,1992,94
Dakota Skye,770374464-6,1996,75
Cosmopolis,488279923-5,2011,59
"Atalante, L'",430111036-4,1990,21
Amandla! A Revolution in Four Part Harmony,288213426-6,1998,87
Cheers for Miss Bishop,471379084-2,2009,56
Just Visiting,256887851-7,1999,90
Erkan & Stefan 2,449274061-9,2000,34
Maximum Risk,990059537-8,1995,35
Alice and Martin (Alice et Martin),580139481-8,2012,80
This Christmas,733181611-X,2004,62
Paranormal Activity: The Marked Ones,417345617-4,2013,52
"Band's Visit, The (Bikur Ha-Tizmoret)",772447002-2,1988,49
Cat's Eye,576100301-5,1999,25
"Long Riders, The",795226622-5,2007,68
Omega Doom,751891499-9,1989,20
To Rome with Love,089991145-5,1989,16
The Hunger Games: Mockingjay - Part 1,056198800-5,2009,47
"Last Man, The",373018266-8,2005,54
Susan Slept Here,450488280-9,2009,89
Winter Break,206519972-5,2000,33
"Personal Journey with Martin Scorsese Through American Movies, A",148317742-4,1993,60
Friday the 13th,134250560-3,1997,49
Big Easy Express,306221963-7,1985,29
To the Devil a Daughter,905685500-X,1993,68
Welcome to the Dollhouse,497050213-7,1992,93
Liberty Heights,801473800-4,2007,23
Jam,743869980-3,1988,70
Summer School,026741094-8,2009,74
Love with the Proper Stranger,823047328-5,2013,71
Supercondriaque,476466955-2,1998,65
Damn the Defiant! (H.M.S. Defiant),595584737-5,2012,89
My Sucky Teen Romance,713244498-0,1999,25
"Trial of Billy Jack, The",769073824-9,1997,66
Down Terrace,298922337-1,1999,59
Russian Ark (Russkiy Kovcheg),639965920-5,1995,28
Manrape (Män kan inte våldtas) ,856035858-7,2006,66
Ms. 45 (a.k.a. Angel of Vengeance),078075679-7,2002,24
It Should Happen to You,435055513-7,2004,47
"Gay Deceivers, The",014337738-8,2010,11
Golden Earrings,930858234-7,1989,83
"Bone Man, The (Der Knochenmann)",963763464-9,1985,19
Africa addio,983172348-1,2009,85
The Kiss,011683802-7,1991,48
Xtro 3: Watch the Skies,742920680-8,2010,90
The Chaos Class Failed the Class,214984629-2,1992,57
Viva María!,110136928-0,1980,23
"Shop Around the Corner, The",634713041-6,1986,31
Keep the Lights On,925345549-7,2004,25
Fear,801369517-4,2011,42
"New Wave, A",454129292-0,2010,53
The Last Shark,847532383-9,2011,64
David Cross: Let America Laugh,588324866-7,1996,11
Tibet: Cry of the Snow Lion,657199281-7,1990,48
Half Nelson,621300337-1,1993,61
"Mating Habits of the Earthbound Human, The",141426292-2,2012,85
"Charge of the Light Brigade, The",276065424-9,2004,52
Horton Hears a Who!,232099163-8,2011,9
Blue Gold: World Water Wars,388716270-6,2009,100
Earth (Zemlya),104913328-5,2006,86
"Chant of Jimmy Blacksmith, The",633560238-5,2005,91
Seed of Chucky (Child's Play 5),668738137-7,2012,10
"Stupids, The",355151593-X,1992,14
"Awful Dr. Orlof, The (Gritos en la Noche)",455349871-5,2005,40
El malvado Carabel,654153199-4,2006,97
"Midsummer Night's Party, A (Midsummer of Love, A) (Sommaren med Göran)",173308034-1,2007,58
Oh! What a Lovely War,252039557-5,2009,31
Blonde and Blonder,572193635-5,1987,11
Double Impact,805042660-2,2001,36
Piccadilly,745009401-0,1994,68
Cinderella,636912574-1,2007,79
"Signal, The (Señal, La)",206805452-3,2009,23
Dungeons & Dragons,687202476-3,2009,93
Ursul,941297920-7,2000,43
Until the End of the World (Bis ans Ende der Welt),989566485-0,2002,71
April Captains (Capitães de Abril),159508373-1,2003,97
Firecreek,815967876-2,1992,49
Master of the Flying Guillotine (Du bi quan wang da po xue di zi),487143651-9,1986,27
Into the White (Cross of Honour),827444683-6,2013,37
Tokyo Twilight (Tôkyô boshoku),275014543-0,2002,55
Call Me Crazy: A Five Film,025391103-6,2007,83
Memoirs of a Geisha,953614704-1,1999,38
"Night, The (Notte, La)",513100113-7,2005,1
"Good Woman, A",824709060-0,1993,97
Sherlock Holmes in Washington,656513081-7,2011,97
"Heart Is Deceitful Above All Things, The",905042220-9,2011,17
Indiana Jones and the Kingdom of the Crystal Skull,526884219-6,1992,4
Fade to Black,501928276-6,1998,9
Serenity,185919237-8,2006,45
"Little Indian, Big City (Un indien dans la ville)",450809440-6,2011,29
Run Silent Run Deep,777119900-3,2002,73
Blackmailed,838499850-7,2002,57
"Barefoot Executive, The",924957228-X,2000,62
"Bourne Ultimatum, The",264499224-9,2009,14
Cencoroll,837988129-X,1995,42
Dying of Laughter (Muertos de Risa),843810593-9,1969,9
Amazing Journey: The Story of The Who,912850473-9,2011,63
Think Like a Man,007528704-8,1995,47
Chastity Bites,083214610-2,1999,57
Charms for the Easy Life,829031850-2,2004,45
Comet,333454028-6,2005,88
Modern Problems,024250741-7,2006,51
Forgotten Silver,660540992-2,2011,83
Flight from Death: The Quest for Immortality,586333199-2,1992,93
"Likeable Mister R, The (Simpaticul domn R)",487414781-X,2004,24
Love Is Strange,641286767-8,2001,71
Infection (Kansen),988356878-9,2006,15
"Skeleton Twins, The",203375947-4,1995,53
Frankie and Alice,492287011-3,1999,44
Rush Hour 3,264357754-X,2005,51
Heaven's Gate,569249248-2,1991,38
Punk's Not Dead,788249255-8,2007,26
White on Rice,123877004-5,1988,42
Driven to Kill,026754125-2,1990,10
Zift,968426077-6,2006,83
Battle of Los Angeles,627569878-0,2009,74
Lon Chaney: A Thousand Faces,426307653-2,1995,3
You're Next,944991954-2,2003,93
"Big Parade, The",651251532-3,1993,15
Ivans xtc.,801224490-X,1983,11
"Eighth Day, The (Huitième jour, Le)",142570000-4,2004,69
Numbskull Emptybrook (Uuno Turhapuro),914911326-7,2007,91
"Special Relationship, The",278725717-8,1977,68
Sanshiro Sugata Part Two (Judo Saga II) (Zoku Sugata Sanshirô),512070206-6,2010,70
Loner (Woetoli),308216175-8,1990,55
Chains (Catene),193895371-1,2009,28
Gosford Park,631591705-4,1992,67
The D Train,816040340-2,1993,68
Kapitalism: Our Improved Formula (Kapitalism - Reteta noastra secreta),011628442-0,1988,12
Saturday Night,264188734-7,2012,51
"Reincarnation of Peter Proud, The",257910242-6,1992,91
Gable: The King Remembered,177345433-1,2010,23
I Am Sam,923529011-2,2012,8
Code of Silence,189000173-2,1989,4
Smokey and the Bandit,231572188-1,2006,77
"Winslow Boy, The",162976085-4,2002,3
"Doors, The",678875104-8,2013,45
Chained,857194687-6,1999,90
Bronco Billy,323793850-5,2009,10
Piglet's Big Movie,336108865-8,2003,35
Slam Dunk Ernest,511888079-3,1991,28
"White Reindeer, The (Valkoinen peura)",718502793-4,1999,81
"Invisible War, The",646546085-8,1996,85
Paradise for Three,006274819-X,1997,55
"Girl Cut in Two, The (Fille coupée en deux, La)",384889633-8,2005,56
From Dusk Till Dawn,010880252-3,2001,27
Tag: The Assassination Game (a.k.a. Everybody Gets It in the End),184702221-9,2010,40
Infernal Affairs 2 (Mou gaan dou II),552804541-X,2009,11
"Valley of Decision, The",412164919-2,1987,3
Homefront,123912950-5,2009,11
Wolf Creek,673371654-2,2001,94
"Prelude to War (Why We Fight, 1)",961986474-3,2012,88
Melissa P.,831594718-4,2011,36
Devil Doll,478617034-8,2000,58
Dances Sacred and Profane,679411815-7,2007,51
"Nutty Professor, The",164979077-5,2008,87
"Day at the Races, A",634296528-5,1988,18
Intimidation,661255121-6,1998,14
"Farewell, My Lovely",545270023-4,1993,87
"World's End, The",583418629-7,1995,81
Catfish,448095739-1,1996,63
"Comedy, The",096779146-4,1990,27
Footnote (Hearat Shulayim),724443398-0,2013,59
"Concorde: Airport '79, The",169608218-8,2001,39
Grown Ups,037092855-5,1967,90
Starship Troopers,822169841-5,2001,8
The Last Gladiators,497231379-X,1988,72
Portraits Chinois,109550771-0,2010,67
House of Sand (Casa de Areia),875989626-4,1997,49
Industrial Symphony No. 1: The Dream of the Brokenhearted,331006474-3,2006,83
ID:A,547974605-7,2007,81
"King of Kings, The",618993708-X,2007,44
Blow-Up (Blowup),171805746-6,1998,73
Blood Out,896829377-5,1987,44
Halloween 4: The Return of Michael Myers,926260078-X,1989,40
God Said 'Ha!',461465504-1,2005,7
Fred & Vinnie,526824349-7,2009,55
Scar,020639356-3,2011,50
What Men Talk About,301809495-6,2011,35
"Chicago 8, The",241580696-X,1998,97
Cashback,807080187-5,2009,22
Devil's Doorway,028606321-2,2010,69
"Sacrifice, The (Offret - Sacraficatio)",764098929-9,1989,66
"Grand Budapest Hotel, The",208689632-8,2006,11
Dr. Goldfoot and the Girl Bombs (Le spie vengono dal semifreddo),158602142-7,2009,25
It Happened Tomorrow,110601415-4,2013,4
Free Zone,623940803-4,2006,55
Taffin,307054869-5,2011,12
V: The Final Battle,305870370-8,2011,28
Tokyo Zombie (Tôkyô zonbi),530614937-5,1992,10
"Chaperone, The",220570913-5,1989,36
Act of Violence,315255179-7,2011,23
Murphy's Law,613115739-1,2007,19
One Man Band,865387486-0,1966,99
Stuck ,087959688-0,2005,75
Jerry Springer: The Opera,851507792-2,2009,23
Absolute Power,096725711-5,2004,33
"Amazing Panda Adventure, The",148675605-0,2007,94
Dark Water,671338175-8,1990,73
Save the Green Planet! (Jigureul jikyeora!),218744579-8,2007,23
"It's a Mad, Mad, Mad, Mad World",884522280-2,2000,73
Toast,389113603-X,2004,14
Hidden (a.k.a. Cache) (Caché),138570655-4,1993,1
White Fang 2: Myth of the White Wolf,204671491-1,2005,40
Love Potion #9,830889903-X,1971,52
"Breach, The (Rupture, La)",603007444-X,1992,43
Turistas,091765631-8,2007,16
Sweet Smell of Success,551628375-2,1986,24
House of Dracula,120142416-X,2007,78
Ballet Shoes,532745367-7,1993,12
Hotline,165347075-5,1986,34
Hard Ticket to Hawaii,247267454-6,2007,81
Maiden's Cheek (To xylo vgike apo ton Paradeiso),787464672-X,1990,85
Everything Will Be Fine,323017244-2,1948,59
Looking for Mr. Goodbar,278207822-4,1992,97
"Mangler, The",768770199-2,1987,47
Why Stop Now,547867170-3,2001,30
Don't Come Knocking,089959092-6,2012,89
The Iron Commissioner,776607349-8,2000,91
Catacombs,970281850-8,2004,16
Toy Story 2,235330958-5,2000,75
Brotherhood of Death,197377941-2,2003,11
Bordertown,904107757-X,2002,6
Love Bites,413458144-3,2006,78
Nadine,445902358-X,1989,14
Jerusalem Countdown,135051356-3,1996,31
Salvador (Puig Antich),948776793-2,1999,62
"War, The",644834661-9,2008,42
"Mysterious Island, The",006122932-6,1998,92
Scandal (Shubun),034091631-1,1991,69
Olympian Holiday (Loma) ,181212644-1,2005,1
Casablanca,237007770-0,1996,82
Profound Desires of the Gods (Kamigami no fukaki yokubo) ,602787115-6,1997,58
Hot Pepper,927272523-2,2012,78
Colossus: The Forbin Project,015349879-X,1986,51
Kung Fu Panda 2,355444821-4,2000,28
Milagro Beanfield War,180991592-9,1999,75
Bells of Capistrano,045963789-4,2007,12
How to Make Money Selling Drugs,814045545-8,2011,95
"Jerky Boys, The",437870728-4,2008,46
Is the Man Who Is Tall Happy?,514238642-6,1998,49
"Bostonians, The",472540398-9,2010,64
Brewster's Millions,350920096-9,2000,64
Brooklyn Dodgers: The Ghosts of Flatbush,097977436-5,1995,78
American Crude,860561534-6,1995,60
My Life as McDull (Mak dau goo si),031014750-6,2006,17
Charlie and the Chocolate Factory,507497054-7,2009,50
Far North,046021070-X,1994,41
Sansho the Bailiff (Sanshô dayû),593992688-6,2006,70
Ed and His Dead Mother,006175812-4,2010,19
Lettera Amorosa,325422706-9,2010,16
Renaissance,500089605-X,2003,59
Snow and Ashes,354627247-1,1984,94
In the Name of the Father,689960618-6,2001,22
Tillie's Punctured Romance,216048141-6,1993,22
Loser,675975818-8,1986,58
Investigation of a Citizen Above Suspicion (Indagine su un cittadino al di sopra di ogni sospetto),106358228-8,1996,25
Arcade,756776189-0,2011,59
Young at Heart,972410718-3,2004,89
Beau Pere (a.k.a. Stepfather) (Beau-père),990049909-3,1995,33
"Flat, The",839069495-6,2010,30
Intouchables,287243198-5,2012,73
"Dilettante, La",746660368-8,1988,92
"Topo, El",985876038-8,1990,16
Escape Fire: The Fight to Rescue American Healthcare,818136028-1,1994,78
Return to Lonesome Dove,038696019-4,2007,80
"Lost Battalion, The",000900974-4,2010,74
Cold Comes the Night,065835444-2,1985,36
Holidaze,340944718-0,2009,20
Night of the Living Dead,703762162-5,1997,35
Boomerang,272620008-7,2000,71
Torque,604440787-X,2007,90
Sleepaway Camp,118323100-8,2003,34
Teenage,321819659-0,2013,92
"Cold Water (Eau Froide, L')",242633337-5,2012,50
Imagine: John Lennon,951256136-0,1992,80
Crave,333048900-6,2009,92
Austin Powers in Goldmember,073489897-5,2011,23
Lovely & Amazing,986790363-3,1992,60
American Dreamz,608922060-4,2011,25
Turkish Passion (La pasión turca),075069657-5,1999,26
Warning for the Joensson Gang (Varning för Jönssonligan),046685777-2,1996,97
Dragonball Evolution,296371545-5,1994,6
Manhattan,800459012-8,1995,55
"Krays, The",176865867-6,1990,72
"Night Walker, The",594424752-5,1995,16
Victim,416505681-2,1998,12
Safety Last!,120722165-1,2010,1
"Forger, The",277590824-1,2002,49
"Child's Christmas in Wales, A",259624266-4,1989,70
"Stranger in Me, The (Das Fremde in mir)",675778779-2,2012,10
"Goodbye, South, Goodbye (Nan guo zai jian, nan guo)",730677870-6,1992,17
8 Million Ways to Die,116257039-3,1994,53
"Fly, The (Légy, A)",271051690-X,1999,71
Satan's Blood (Escalofrío),581611946-X,2003,85
Rush Hour 2,126819382-8,1998,77
Caótica Ana,903058427-0,1993,82
Take My Eyes (Te doy mis ojos),546780864-8,2008,28
Child's Play,306938225-8,2011,8
Ruhr,942739285-1,2011,38
Pale Rider,976257244-0,1992,12
"Exorcist, The",559056387-9,1997,18
Bombón: El Perro (El perro),806967718-X,1992,43
20 Million Miles to Earth,357513027-2,1997,58
Outbreak,167470878-5,2003,10
"Night, The (Notte, La)",507225157-8,2012,74
"Minus Man, The",339875290-X,2005,81
101 Dalmatians (One Hundred and One Dalmatians),619209297-4,1997,93
Teen Spirit,122083455-6,1993,32
"Prophecy, The",126988572-3,1998,8
Singapore Sling (Singapore sling: O anthropos pou agapise ena ptoma),698710578-2,2012,73
Keys to Tulsa,107607814-1,1994,67
Chinese Box,809637426-5,1997,60
"New Wave, A",992025598-X,2005,67
Born Rich,972048390-3,2003,44
"Villain, The",969667676-X,2011,4
Hammett,821909651-9,2008,8
Pusher II: With Blood on My Hands,495980363-0,1993,9
"American Friend, The (Amerikanische Freund, Der)",724766684-6,1989,64
Feel the Noise,556143289-3,1997,71
Vacancy 2: The First Cut,533560671-1,2003,87
Trishna,602516367-7,1998,65
Begone Dull Care,271273593-5,1989,17
"Bug's Life, A",181658447-9,2009,64
Double Dare,074469207-5,1999,73
"Secret World of Arrietty, The (Kari-gurashi no Arietti)",033258138-1,1996,21
Infernal Affairs III (Mou gaan dou III: Jung gik mou gaan),253978144-6,1999,62
Foreign Intrigue,582632596-8,2008,95
"Box, The",357059801-2,1988,74
The Fat Spy,670759213-0,2005,93
Pinocchio,987423649-3,1985,43
Demon Wind,000740471-9,2011,79
Thor: The Dark World,419582606-3,1998,35
"Amour fou, L'",566893700-3,2003,63
Godzilla,325674438-9,1997,38
RFK Must Die: The Assassination of Bobby Kennedy,235694529-6,2008,66
Stanley and Livingstone,842370009-7,2012,63
All the Right Moves,955093811-5,2007,14
"Disorderly Orderly, The",451635527-2,1998,50
Kadosh,600826703-6,1992,91
Brainstorm,207806842-X,2010,38
Tulsa,134403498-5,2004,54
"Fortune, The",480073366-9,2010,97
The Facility,916458850-5,2008,2
Marley,466684495-3,1993,10
Dark Woods (Villmark),201330166-9,1998,7
Mars Attacks!,464080188-2,2006,53
Unmade Beds,140071588-1,2012,94
"One, The",640970367-8,1999,3
Roseland,415695806-X,2004,67
Crime of Passion,625008173-9,1992,88
Comanche Territory (Territorio comanche),076669915-3,2007,76
Two Bits,213900991-6,2002,87
Teen Spirit,752478222-5,1993,19
Fade To Black,718856612-7,1993,8
About Time,635521244-2,2007,62
Judgment in Berlin,123648910-1,2009,12
Damien: Omen II,952947108-4,2009,78
"Promise, The (Versprechen, Das)",080529331-0,1995,52
Horsemen,736256214-4,2011,63
"Beast Within, The",451329864-2,2012,74
"Prey, The (La proie)",519008055-2,2005,64
Q,645900841-8,2006,36
Accepted,297402098-4,2009,63
Marius and Jeanette (Marius et Jeannette),314328742-X,2006,96
"Son, The (Le fils)",817078297-X,1988,15
Beloved/Friend (a.k.a. Amigo/Amado) (Amic/Amat),011507508-9,1992,70
"Turning, The",419072334-7,1987,82
"Common Wealth (Comunidad, La)",596563157-X,1957,26
Life Without Dick,538324152-3,2008,4
"Inn in Tokyo, An (Tôkyô no yado)",537920910-6,1996,33
Possessed,226963293-1,2005,64
Good Will Hunting,535106571-1,2011,88
Picnic on the Grass (Le déjeuner sur l'herbe),131709419-0,2005,83
Taxi Hunter (Di shi pan guan),311720539-X,2011,80
"Song of Bernadette, The",291001255-7,1997,6
"Last Letter, The (La dernière lettre)",930389589-4,1999,77
Apollo 13,704521670-X,2006,21
Precious,278428744-0,1998,74
Chaos Theory,073133063-3,1996,45
Crackers,873533200-X,2008,88
I'm Starting From Three (Ricomincio da Tre),103543861-5,2008,74
Inherit the Wind,604146139-3,2006,92
Shadow of the Vampire,626725877-7,1998,63
Once,061140848-1,1994,88
"White Ribbon, The (Das weiße Band)",752397550-X,2008,3
Zatoichi and the Chess Expert (Zatôichi Jigoku tabi) (Zatôichi 12),993409903-9,2002,82
Felicity,407614253-5,2006,87
L.I.E.,183644798-1,2002,88
In Love and War,197916863-6,1996,7
Weird Science,545373810-3,1990,16
Sex Drive,719304869-4,2005,57
Gabriela,098497680-9,1986,65
Schindler's List,482771018-X,1985,68
Something Real and Good,407238866-1,1995,22
Loulou,214547451-X,1978,23
Red Chapel (Røde kapel),219514273-1,2000,25
Consuming Spirits,979479185-7,2001,69
Only Daughter,326727725-6,2003,36
Poor White Trash,311265881-7,2012,58
Trespass,551315656-3,2004,92
Lassie Come Home,150524183-9,2006,69
Careful,760737343-8,2003,47
Forty Guns,584230278-0,1997,69
The Face of Marble,489837729-7,2004,22
Baby Face,616668694-3,1996,16
Three Days of the Condor (3 Days of the Condor),390922599-3,1999,9
Deep in the Woods (Promenons-nous dans les bois),016426686-0,2001,58
"Tale of Zatoichi Continues, The (Zoku Zatôichi monogatari) (Zatôichi 2)",752642068-1,1995,61
Dr. Phibes Rises Again,197058606-0,1993,51
Rapid Fire,366326139-5,1990,16
Shivers (They Came from Within),084943285-5,2009,67
Camera Buff (Amator),090245802-7,1996,26
Intentions of Murder (a.k.a. Murderous Instincts) (Akai satsui),591796234-0,1993,14
"Puppet Masters, The",626089424-4,1998,85
Agony (a.k.a. Rasputin) (Agoniya),681446941-3,2002,52
Kazaam,345374901-4,1993,45
"Scientist, The",805049997-9,2000,7
"Chaser, The (Chugyeogja)",392004185-2,1996,35
Pride and Glory,542465091-0,2012,3
Fred Claus,814548772-2,2011,18
Doctor Who,367951693-2,1999,77
"Yacoubian Building, The (Omaret yakobean)",675570932-8,2000,48
I Am a Sex Addict,291281838-9,1992,91
Cat-Women of the Moon (a.k.a. Rocket to the Moon),979692858-2,2009,4
Cronos,198657898-4,2000,36
Black & White & Sex,069428467-X,2008,5
Love Simple,459957042-7,1993,37
Lunopolis,862422621-X,1981,74
I Don't Know How She Does It,169698704-0,2001,81
"Secret Policeman's Other Ball, The",845836049-7,2010,78
Nobody Knows Anybody (Nadie conoce a nadie),988692822-0,2001,74
Boy Meets Girl,116447830-3,2001,86
"Silencers, The",582163965-4,2004,1
Day and Night (Le jour et la nuit),485882779-8,2004,46
Hearts and Minds,066658277-7,2009,58
April Captains (Capitães de Abril),386294661-4,1984,73
Cast A Deadly Spell,575654662-6,1990,84
"Breed, The",823988362-1,2012,88
Jealousy,299537725-3,1999,32
Spinning Plates,327997549-2,2010,23
Zatoichi and the Doomed Man (Zatôichi sakate giri) (Zatôichi 11),013148994-1,1987,100
No Looking Back,105016342-7,1987,1
Paradise: Faith (Paradies: Glaube),379455671-2,1992,34
Stage Fright (Deliria),424700136-1,1999,78
Dangerous Minds,586466837-0,2008,76
"Flight of the Red Balloon (Voyage du ballon rouge, Le)",125721335-0,1992,98
The Best of Me,415442271-5,1999,64
Santa's Apprentice,199847525-5,1994,57
Metal: A Headbanger's Journey,144369785-0,1992,52
Aliens,195670175-3,1998,15
"...All the Marbles (California Dolls, The)",522404977-6,1995,35
The Seven-Ups,706958794-5,2002,92
Love and Bullets,349746484-8,1992,40
"Mummy, The",676884436-9,2003,22
"Zed & Two Noughts, A",199148603-0,2006,9
Miss Congeniality 2: Armed and Fabulous,335511069-8,1985,29
Waltzes from Vienna,336302286-7,1985,63
"Englishman Who Went Up a Hill But Came Down a Mountain, The",859654147-0,2000,56
Björk at the Royal Opera House,563089631-8,2008,57
Come Early Morning,094789569-8,1996,27
Meetin' WA,828635228-9,1989,91
Walk the Line,903384777-9,1987,10
Square Dance,973498337-7,1999,83
Demonic,027379456-6,2008,11
Stag,619467165-3,2007,4
"Syrian Bride, The",552795926-4,1993,37
Rings on Her Fingers,822263946-3,1992,87
Emergency Squad,968579297-6,1997,52
"Best Little Whorehouse in Texas, The",504063559-1,1994,56
"Guy Named Joe, A",187673196-6,1994,24
George & A.J.,627016863-5,2011,39
Shutter,688535200-4,2009,16
"Italian Straw Hat, The (Un chapeau de paille d'Italie)",710460284-4,1996,17
Anatomy of a Love Seen,775915821-1,1996,45
"General's Daughter, The",490103219-4,2005,39
"Boy Named Charlie Brown, A",860746391-8,2001,88
Sandakan 8 (Sandakan hachibanshokan bohkyo),043785326-8,2000,100
Blood Diamond,574142840-1,2002,19
Aces: Iron Eagle III,373244747-2,2008,83
Portrait of Maria (María Candelaria (Xochimilco)),647694928-4,2012,42
"Girl He Left Behind, The",018749468-1,1992,55
Tiresia,754136565-3,1991,46
Minority Report,472157842-3,1997,41
"City of Lost Children, The (Cité des enfants perdus, La)",140159101-9,1995,7
Angels with Dirty Faces,654445168-1,1996,31
Liberty Heights,458536892-2,2001,89
Mary Poppins,442560321-4,2003,43
Coquette,514487746-X,2003,47
Cheaper by the Dozen,039327100-5,2000,19
The Mountain of the Cannibal God,140635084-2,2003,76
Romeo and Juliet,403678205-3,1989,92
"Pursuit of Happyness, The",464471654-5,1999,25
"Planes, Trains & Automobiles",606430576-2,2010,29
Timecop,487663553-6,2009,34
Vampire's Kiss,854033095-4,2010,24
Anaconda III,059628415-2,2006,38
28 Hotel Rooms,748752363-2,2011,24
Wasteland,009812771-3,1993,61
"Best of Youth, The (La meglio gioventù)",114254636-5,1994,33
Marnie,958907761-7,1996,11
Simon Sez,691733159-7,1988,87
"Ketchup Effect, The (Hip Hip Hora!)",951937062-5,1997,79
Infernal Affairs 2 (Mou gaan dou II),631937350-4,1986,1
"Expendables 2, The",374063010-8,2008,73
Casting By,996441587-7,2008,27
Zarafa,939309604-X,2003,12
Alien Escape,730337656-9,1998,48
Rich and Famous (Gong woo ching),036881975-2,2005,37
Mister Johnson,232850709-3,1998,48
Club Fed,998711697-3,2007,13
Little Murders,840173417-7,1997,78
Sacred Heart,208997926-7,2003,22
D-Day,530798727-7,2007,3
Intermezzo,440866821-4,2008,2
"Wet Parade, The",035625265-5,1995,57
"Emperor's Naked Army Marches On, The (Yuki Yukite shingun)",111120223-0,1997,13
Thunderbirds,705273405-2,1991,71
Worth Winning,299991297-8,1995,17
"Postman, The",481140922-1,1996,93
"Rum Diary, The",073953493-9,2007,4
"Gay Divorcee, The",956360047-9,2010,48
"Art of Getting By, The",539886161-1,2001,76
"Killing Room, The",532362614-3,2000,2
Starship Troopers,701148372-1,2004,14
"Guard, The",938495000-9,2011,77
What Happens in Vegas...,336994515-0,2004,46
Who Pulled the Plug? (Göta kanal eller Vem drog ur proppen?),342377625-0,2013,3
Stick,725081223-8,1993,61
Old Dogs,449876462-5,2000,79
3 Women (Three Women),644628761-5,1990,77
Voyage to the Beginning of the World (Viagem ao Princípio do Mundo),340137245-9,1976,85
"Deep End of the Ocean, The",884150563-X,1993,9
Dark Portals: The Chronicles of Vidocq  (Vidocq),938581880-5,2006,44
Following,166363549-8,2010,34
I Don't Know How She Does It,359789754-1,1995,84
"Long Goodbye, The",863993242-5,2001,39
Jalla! Jalla!,919011962-2,1998,93
All the Boys Love Mandy Lane,305652684-1,1999,7
Collision: Christopher Hitchens vs. Douglas Wilson,400926413-6,2002,59
Dumb & Dumber (Dumb and Dumber),850396872-X,1993,8
The Little Polar Bear: Lars and the Little Tiger,569333424-4,1991,6
Chapter Two,268139794-4,1998,65
Living Will...,560897769-6,1999,13
Sheitan,026976862-9,2008,38
Cheeky (Trasgredire),592585142-0,2006,34
Känd från TV,457615214-9,1995,62
Daylight Robbery,978445398-3,2000,3
Twelve Monkeys (a.k.a. 12 Monkeys),920604049-9,1978,59
Cinderella,932934379-1,2004,63
"Haunted World of Edward D. Wood Jr., The",777402935-4,2007,39
Aliens in the Attic,304708659-1,1988,35
"Haunting, The",486616402-6,2004,26
"Creation of the Humanoids, The",482367230-5,2009,20
Happy Together (a.k.a. Buenos Aires Affair) (Chun gwong cha sit),472741370-1,1992,48
Breaking Out (Vägen ut),755113337-2,1984,57
Sanatorium,815282208-6,1993,11
Hellraiser III: Hell on Earth,132213921-0,2004,12
"Vertical Ray of the Sun, The (Mua he chieu thang dung)",428447807-9,2007,23
Alive Inside,303122245-8,2005,22
Private Parts,404069935-1,1992,84
Dr. Who and the Daleks,918077695-7,2006,19
Easy Rider,100384811-7,2000,66
Sharknado 2: The Second One,808788365-9,1994,20
Girl Crazy,824936512-7,1998,10
"Big Parade, The",524209833-3,2006,63
"Golden Compass, The",345611606-3,2013,68
"Common Wealth (Comunidad, La)",365349979-8,1996,99
Forty Guns,729507377-9,2003,19
"Muppets Take Manhattan, The",267030585-7,2011,8
Visions of Europe,609142898-5,2009,25
Outside Satan (Hors Satan),212355055-8,1966,24
Jonestown: The Life and Death of Peoples Temple,095516330-7,2010,47
Little City,432618739-5,1995,58
Bullet in the Head,386883091-X,1993,18
"Girl by the Lake, The (La ragazza del lago)",663345312-4,2012,70
"Murderous Maids (Blessures assassines, Les)",188380743-3,1998,26
People I Know,987272686-8,1996,30
"Secret of Santa Vittoria, The",402460858-4,1993,43
Return with Honor,623592541-7,2000,76
"Marksman, The",522825698-9,2010,22
Dominick and Eugene,864070445-7,2006,80
Call Her Savage,458865829-8,2005,70
I Am,813402943-4,2008,36
Tactical Force,059146804-2,2001,9
51 Birch Street,181994442-5,2001,10
"Salo, or The 120 Days of Sodom (Salò o le 120 giornate di Sodoma)",036486852-X,1998,66
Android,287098756-0,2008,60
Timecop,279343164-8,2005,97
Bye Bye Monkey (Ciao maschio),535633910-0,2011,81
"Golden Compass, The",030307640-2,2009,57
Ankur (The Seedling),332471886-4,2007,78
Dragon Ball Z: Bojack Unbound (Doragon bôru Z 9: Ginga girigiri!! Butchigiri no sugoi yatsu),752584823-8,1961,46
X-Men: The Last Stand,546030372-9,2009,58
Days Of Darkness,541687937-8,2007,15
Lake Mungo,093970480-3,1993,100
Box of Moon Light,338097214-2,1998,8
Huhwihaji Anha (No Regret),718922128-X,2008,40
It Came from Beneath the Sea,821442552-2,1999,17
Run If You Can,784703434-4,2009,11
"Edward, My Son",196065565-5,1999,92
The Black Devil,935356416-6,2000,69
Filming 'Othello',901754853-3,2010,75
After Innocence,201559010-2,2012,82
Nine,905391230-4,2000,2
Heavy,271933497-9,1994,90
Die Hard,055506940-0,1999,78
Darker Than Night,590594374-5,2002,54
Catlow,200815846-2,1988,48
Man of the World,406895991-9,2009,56
French Fried Vacation 2 (Les bronzés font du ski),618992418-2,1997,4
The Trans-Atlantic Mystery,529242651-2,1985,2
Ricky Gervais Live 2: Politics,727040089-X,2013,74
Memoirs of an Invisible Man,580417079-1,2009,37
Kings of Recycling (Kierrätyksen kuninkaat),672654020-5,1995,10
I'll Sleep When I'm Dead,628573207-8,2011,100
Curse of the Pink Panther,566808346-2,1992,11
Tales from the Crypt,014549331-8,2004,69
Counsellor at Law,486208497-4,2005,97
"Mary, Queen of Scots",704040690-X,1999,4
Miss Potter,026822433-1,1998,31
